Item,Categoria,Descripcion,Marca,Talla,Precio,Nuevo,NumFotos,Estado,Comprador,Pagado,Entregado,Notas
I1,Bufandas-Gorros,Bufanda Azul Eléctrico,,,3000,,1,Disponible,,,,
I2,Bufandas-Gorros,Bufanda Fucsia,,,3000,,1,Disponible,,,,
I3,Bufandas-Gorros,Bufanda Animal Print,,,3000,,1,Disponible,,,,
I4,Bufandas-Gorros,Bufanda Cuadriculada,,,3000,,1,Disponible,,,,
I5,Bufandas-Gorros,Bufanda Gruesa Verde,,,3000,,2,Disponible,,,,
I6,Bufandas-Gorros,Bufanda Diseño Burdeo,,,3000,,1,Disponible,,,,
I7,Bufandas-Gorros,Bufanda Gris_Rosado,,,3000,,1,Disponible,,,,
I8,Bufandas-Gorros,Gorro Rosado Peludo,,,3000,,1,Disponible,,,,
I9,Bufandas-Gorros,Cintillo Café H&M,H&M,,3000,,1,Disponible,,,,
I10,Bufandas-Gorros,Gorro Café Grueso Zara,Zara,,3000,,1,Disponible,,,,
I11,Bufandas-Gorros,Gorro Rojo,,,3000,,1,Disponible,,,,
I12,Carteras-Mochilas-Bananos-Bolsos,Cartera de Mano Café Cuero,,,5000,,1,Disponible,,,,
I13,Carteras-Mochilas-Bananos-Bolsos,Cartera Cruzada Cuero Café,,,3000,,1,Disponible,,,,
I14,Carteras-Mochilas-Bananos-Bolsos,Cartera de Mano Negra Tipo Cuero,,,3000,,1,Disponible,,,,
I15,Carteras-Mochilas-Bananos-Bolsos,Cartera Diseño Colores,,,2000,,1,Disponible,,,,
I16,Carteras-Mochilas-Bananos-Bolsos,Banano de Viaje_Seguridad,,,2000,,1,Disponible,,,,
I17,Carteras-Mochilas-Bananos-Bolsos,Banano Harry Potter Death Eaters,,,5000,,1,Disponible,,,,
I18,Carteras-Mochilas-Bananos-Bolsos,Bolso Tote Deporte Bsoul,Bsoul,,3000,,1,Disponible,,,,
I19,Carteras-Mochilas-Bananos-Bolsos,Cartera Roja Tipo Cuero,,,3000,,1,Disponible,,,,
I20,Carteras-Mochilas-Bananos-Bolsos,Cartera Negra Zara,Zara,,5000,,1,Disponible,,,,
I21,Carteras-Mochilas-Bananos-Bolsos,Cartera Cruzada Negra_Cadenas,,,3000,,1,Disponible,,,,
I22,Carteras-Mochilas-Bananos-Bolsos,Mochila Bubba Maternal,,,15000,,3,Disponible,,,,
I23,Carteras-Mochilas-Bananos-Bolsos,Mochila Bubba Negra,,,5000,,1,Disponible,,,,
I24,Carteras-Mochilas-Bananos-Bolsos,Banano Running Simple Gris,,,3000,,1,Disponible,,,,
I25,Carteras-Mochilas-Bananos-Bolsos,Cartera Chica Cruzada Negra,,,3000,,1,Disponible,,,,
I26,Carteras-Mochilas-Bananos-Bolsos,Cartera Negra Cruzada Grande,,,5000,,1,Disponible,,,,
I27,Carteras-Mochilas-Bananos-Bolsos,Banano Running Cinturón Decathlon Talla 2,CAT,2,10000,,2,Disponible,,,,
I28,Carteras-Mochilas-Bananos-Bolsos,Morral Nike Negro,Nike,,5000,,1,Disponible,,,,
I29,Deporte,Peto Deportivo Naranjo Talla M,,M,2000,,2,Disponible,,,,
I30,Deporte,Peto Deportivo Azul Grisáceo Talla M Amov,Amov,M,2000,,1,Disponible,,,,
I31,Deporte,Peto Deportivo Azul H&M Talla M,H&M,M,2000,,1,Disponible,,,,
I32,Deporte,Bikers Moradas Diadora Talla XL,Diadora,XL,2000,,1,Disponible,,,,
I33,Deporte,Bikers Animal Print BSoul Talla XL,Bsoul,XL,2000,,1,Disponible,,,,
I34,Deporte,Short Running Rosado Talla S,,S,2000,,1,Disponible,,,,
I35,Deporte,Calzas Azules Lounge Talla M,,M,2000,,1,Disponible,,,,
I36,Deporte,Bikers Rosadas Diadora Talla XL,Diadora,XL,2000,,1,Disponible,,,,
I37,Deporte,Bikers Café Bsoul Talla XS,Bsoul,XS,5000,,1,Disponible,,,,
I38,Deporte,Peto Deportivo Lila Adidas Talla M,Adidas,M,5000,,2,Disponible,,,,
I39,Deporte,Peto Deportivo Morado Tie Dye Adidas Talla M,Adidas,M,5000,,1,Disponible,,,,
I40,Deporte,Shorts Negros Running Adidas Talla S,Adidas,S,5000,,1,Disponible,,,,
I41,Deporte,Peto Deportivo Negro 1 Hombro Amov Talla S,Amov,S,5000,,2,Disponible,,,,
I42,Deporte,Shorts Rojos Running Adidas Talla S,Adidas,S,5000,,1,Disponible,,,,
I43,Deporte,Shorts Negros_Pretina Running Adidas Talla S,Adidas,S,5000,,1,Disponible,,,,
I44,Deporte,Peto Deportivo Negro Adidas Talla M,Adidas,M,5000,,2,Disponible,,,,
I45,Deporte,Peto Deportivo Cruzado Negro Talla M,,M,5000,,2,Disponible,,,,
I46,Deporte,Shorts Deportivos Negros H&M Talla S,H&M,S,5000,,1,Disponible,,,,
I47,Deporte,Shorts Running Adidas Lila Tie Dye Talla S,Adidas,S,5000,,1,Disponible,,,,
I48,Deporte,Shorts Running Negros Adidas Talla XS,Adidas,XS,5000,,1,Disponible,,,,
I49,Interior-Pijamas-Bikinis,Pijama Perritos Salchicha Talla M,,M,2000,,1,Disponible,,,,
I50,Interior-Pijamas-Bikinis,Pijama Mickey_Minnie Talla S,,S,2000,,1,Disponible,,,,
I51,Interior-Pijamas-Bikinis,Pijama Stitch Talla 16,,16,2000,,1,Disponible,,,,
I52,Interior-Pijamas-Bikinis,Short Pijama Lineas Rosado Talla S,,S,2000,,1,Disponible,,,,
I53,Interior-Pijamas-Bikinis,Conjunto Lencero Rojo Talla M,,M,2000,Si,1,Disponible,,,,
I54,Interior-Pijamas-Bikinis,Sosten Bikini Azul Talla XL,,XL,2000,,1,Disponible,,,,
I55,Interior-Pijamas-Bikinis,Bikini Rosado Talla M,,M,2000,,1,Disponible,,,,
I56,Interior-Pijamas-Bikinis,Sosten Lila Women Secret Talla 36D,Women Secret,36D,2000,,1,Disponible,,,,
I57,Interior-Pijamas-Bikinis,Sostenes Copa Negro y Beige Talla 38D,,38D,2000,,1,Disponible,,,,
I58,Interior-Pijamas-Bikinis,Peto Sostén H&M Talla M,H&M,M,2000,Si,1,Disponible,,,,
I59,Interior-Pijamas-Bikinis,Sosten Lencero con Copa Blanco Talla 36C,,36C,2000,,1,Disponible,,,,
I60,Interior-Pijamas-Bikinis,Sosten Bikini Diseño con Mostacillas Talla M,,M,2000,,1,Disponible,,,,
I61,Interior-Pijamas-Bikinis,Sosten Rosado Encaje Flores Talla 36C,,36C,2000,,1,Disponible,,,,
I62,Interior-Pijamas-Bikinis,Sosten Negro H&M Talla M,H&M,M,2000,,1,Disponible,,,,
I63,Interior-Pijamas-Bikinis,Sosten Negro Sin Copa Talla M,,M,2000,,1,Disponible,,,,
I64,Ropa,Falda Short Jeans Zara Talla XS,Zara,XS,5000,,1,Disponible,,,,
I65,Ropa,Jeans Wide Leg Sybilla Talla 34,Sybilla,34,5000,,2,Disponible,,,,
I66,Ropa,Jeans Negro Pitillo Botones Stradivarius Talla 34,Stradivarius,34,5000,,2,Disponible,,,,
I67,Ropa,Jeans Gris Cut Straight Stradivarus Talla 36,,36,5000,,1,Disponible,,,,
I68,Ropa,Jeans Azul Claro Mom H&M Talla 34,H&M,34,5000,,1,Disponible,,,,
I69,Ropa,Jeans Negro Mom H&M Talla 34,H&M,34,5000,,1,Disponible,,,,
I70,Ropa,Jeans Claro Straight Cut Talla 34 Stradivarius,Stradivarius,34,5000,,1,Disponible,,,,
I71,Ropa,Jeans Wide Leg Talla 34 H&M,H&M,34,5000,,1,Disponible,,,,
I72,Ropa,Jeans Blanco Talla 38 H&M,H&M,38,5000,,1,Disponible,,,,
I73,Ropa,Polera Halter Satin Zara Talla S,Zara,S,5000,,1,Disponible,,,,
I74,Ropa,Chaleco Vest Verde Talla XS Basement,,XS,5000,,1,Disponible,,,,
I75,Ropa,Kimono Burdeo Diseño India Talla Única,,,5000,,1,Disponible,,,,
I76,Ropa,Polera Blanca Amarres Talla M H&M,H&M,M,5000,,1,Disponible,,,,
I77,Ropa,Top Café Talla Única,,,5000,,1,Disponible,,,,
I78,Ropa,Vest Animal Print Talla XS Basement,,XS,5000,,1,Disponible,,,,
I79,Ropa,Vest Blanco Talla S Zara,Zara,S,5000,,1,Disponible,,,,
I80,Ropa,Polera Transparencia con Mostacillas Talla S Zara,Zara,S,5000,,2,Disponible,,,,
I81,Ropa,Abrigo Rojo Cuerina Talla S Zara,Zara,S,5000,,1,Disponible,,,,
I82,Ropa,Cortavientos Azul Vintage Talla M,,M,5000,,1,Disponible,,,,
I83,Ropa,Blazer Blanco Talla M H&M,H&M,M,5000,,1,Disponible,,,,
I84,Ropa,Chaqueta Jeans Ovesize Vintage Pepsi Talla L,,L,5000,,1,Disponible,,,,
I85,Ropa,Vestido Café Largo Talla M Shein,,M,5000,Si,1,Disponible,,,,
I86,Ropa,Cortavientos Vintage Morado Talla XL,,XL,5000,,1,Disponible,,,,
I87,Ropa,Polera Tiritas Blanca Encaje Talla XS Stradivarius,Stradivarius,XS,5000,Si,1,Disponible,,,,
I88,Ropa,Top Negro Talla S H&M,H&M,S,5000,,1,Disponible,,,,
I89,Ropa,Blazer Negro Sin Mangas Talla XL Zara,Zara,XL,5000,,1,Disponible,,,,
I90,Ropa,Chaqueta Animal Print Talla S Sybilla,Sybilla,S,5000,,1,Disponible,,,,
I91,Ropa,Polar Columbia Azul Talla M,Columbia,M,10000,Si,1,Disponible,,,,
I92,Ropa,Chaqueta Outdoor Doble Impermeable_Polar Doite Talla XL Mujer,Doite,XL,10000,,2,Disponible,,,,
I93,Ropa,Abrigo Gris Zara Talla S,Zara,S,10000,,1,Disponible,,,,
I94,Ropa,Vest Negro Zara Cruzado Talla M,Zara,M,10000,,1,Disponible,,,,
I95,Ropa,Chaqueta Cuero Zara Talla XL,Zara,XL,10000,,1,Disponible,,,,
I96,Ropa,Vestido Blanco H&M Talla M,H&M,M,10000,Si,1,Disponible,,,,
I97,Ropa,Chaqueta de Cuero Argentino Verde Vintage Talla XL,,XL,10000,,1,Disponible,,,,
I98,Ropa,Vestido Formal Burdeo La Maja Talla XL,,XL,10000,,3,Disponible,,,,
I99,Ropa,Jeans Straight Café Zara Talla 36,Zara,36,10000,,1,Disponible,,,,
I100,Ropa,Camiseta Oficial La Roja Talla L,,L,10000,Si,1,Disponible,,,,
I101,Ropa Invierno,Polera Manga Larga Naranja_Rayas Talla 12_S,,12_S,2000,Si,1,Disponible,,,,
I102,Ropa Invierno,Camisa Jeans Oversize Vintage,,,2000,,1,Disponible,,,,
I103,Ropa Invierno,Blazer Negro con Cuadros Oversize Talla 44,,44,2000,,1,Disponible,,,,
I104,Ropa Invierno,Chaleco Gris Zara Talla S,Zara,S,2000,,1,Disponible,,,,
I105,Ropa Invierno,Polar Morado Talla M,,M,2000,,1,Disponible,,,,
I106,Ropa Invierno,Vest Azul Marino H&M Talla S,H&M,S,2000,,1,Disponible,,,,
I107,Ropa Invierno,Primera Capa Deporte Blanca H&M Talla L,H&M,L,2000,,1,Disponible,,,,
I108,Ropa Invierno,Chaleco Beige Stradivarius Talla M,Stradivarius,M,2000,,1,Disponible,,,,
I109,Ropa Invierno,Blazer Delgado Negro Alaniz Talla XL,,XL,2000,,1,Disponible,,,,
I110,Ropa Invierno,Chaleco Gris Sybilla Talla S,Sybilla,S,2000,,1,Disponible,,,,
I111,Ropa Invierno,Poleron Rosado H&M Talla M,H&M,M,2000,,1,Disponible,,,,
I112,Ropa Invierno,Poleron Azul Opposite Talla M,,M,2000,,2,Disponible,,,,
I113,Ropa Invierno,Poleron Rojo Rip Curl Hombre Talla L,,L,2000,,1,Disponible,,,,
I114,Ropa Invierno,Chaleco Diseño Café Talla Única,,,2000,,1,Disponible,,,,
I115,Ropa Invierno,Polera Manga Corta Verde Musgo Talla M,,M,2000,Si,1,Disponible,,,,
I116,Ropa Invierno,Pantalon Sastrero (Skinny) H&M Talla 34,H&M,34,2000,,1,Disponible,,,,
I117,Ropa Invierno,Pantalon Sastrero (Straight) Negro H&M Talla 38,H&M,38,2000,,1,Disponible,,,,
I118,Ropa Invierno,Camisa Leñadora Café Talla L,,L,2000,,1,Disponible,,,,
I119,Ropa Verano,Top Animal Print Talla S,,S,2000,,2,Disponible,,,,
I120,Ropa Verano,Top Blanco Cerezas Talla M,,M,2000,,1,Disponible,,,,
I121,Ropa Verano,Polera Blanca Arremangada Sybilla Talla XS,Sybilla,XS,2000,Si,2,Disponible,,,,
I122,Ropa Verano,Vestido Negro Largo H&M Talla S,H&M,S,2000,,1,Disponible,,,,
I123,Ropa Verano,Vestido Fucsia tipo satín - Talla M,,M,2000,,1,Disponible,,,,
I124,Ropa Verano,Top Tie Dye Talla S,,S,2000,,2,Disponible,,,,
I125,Ropa Verano,Blusa Rosa Palo Opposite Talla XS,,XS,2000,,1,Disponible,,,,
I126,Ropa Verano,Vest Rayas Beige Talla S,,S,2000,,1,Disponible,,,,
I127,Ropa Verano,Blusa Blanca Cropped Talla M H&M,H&M,M,2000,,1,Disponible,,,,
I128,Ropa Verano,Polera Blanca Estampada H&M Talla XL,H&M,XL,2000,,1,Disponible,,,,
I129,Ropa Verano,Bluza Negra_Puntos Blancos Talla XL,,XL,2000,,1,Disponible,,,,
I130,Ropa Verano,Top Rayas Zara Talla S,Zara,S,2000,,1,Disponible,,,,
I131,Ropa Verano,Blusa Rayada Panal Rosada Talla M,,M,2000,Si,1,Disponible,,,,
I132,Ropa Verano,Blusa Flores Roja Talla L,,L,2000,,1,Disponible,,,,
I133,Ropa Verano,Top Gris H&M Talla S,H&M,S,2000,,1,Disponible,,,,
I134,Ropa Verano,Vestido Manga Larga Corto Naranjo H&M Talla L,H&M,L,2000,,1,Disponible,,,,
I135,Ropa Verano,Polera Flores Cropped Talla M,,M,2000,,1,Disponible,,,,
I136,Ropa Verano,Top Blanco Bordado Talla M,,M,2000,,1,Disponible,,,,
I137,Ropa Verano,Top Beige H&M Talla S,H&M,S,2000,,1,Disponible,,,,
I138,Ropa Verano,Top Diseño Blanco Talla S,,S,2000,,1,Disponible,,,,
I139,Ropa Verano,Top Negro Manga Separada Cotton On Talla S,,S,2000,,1,Disponible,,,,
I140,Ropa Verano,Top Blanco Flores H&M Talla S,H&M,S,2000,Si,1,Disponible,,,,
I141,Ropa Verano,Blusa Burdeo_Puntos Talla XL,,XL,2000,,1,Disponible,,,,
I142,Ropa Verano,Blusa Botones Puntos Talla M,,M,2000,,1,Disponible,,,,
I143,Ropa Verano,Blusa Panal Cuadros_Negro Talla S_M,,S_M,2000,,1,Disponible,,,,
I144,Ropa Verano,Kimono Amarillo Print Americanino Talla L,,L,2000,,1,Disponible,,,,
I145,Ropa Verano,Blusa Negra Amarre Talla M,,M,2000,,1,Disponible,,,,
I146,Ropa Verano,Top Rosado Sin Espalda Talla S,,S,2000,,1,Disponible,,,,
I147,Ropa Verano,Top Rojo Tipo Satin Talla M,,M,2000,,2,Disponible,,,,
I148,Ropa Verano,Falda Short Negra Talla S,,S,2000,,1,Disponible,,,,
I149,Ropa Verano,Falda Negra Mini Talla S,,S,2000,,1,Disponible,,,,
I150,Ropa Verano,Short Rojos Zara Talla S,Zara,S,2000,,1,Disponible,,,,
I151,Ropa Verano,Falda Gris Grafito Talla 38,,38,2000,,1,Disponible,,,,
I152,Ropa Verano,Pantalones Blancos Zara Talla L,Zara,L,2000,,1,Disponible,,,,
I153,Ropa Verano,Falda Larga Blanca Opposite Talla XS,,XS,2000,,1,Disponible,,,,
I154,Ropa Verano,Vestido Colores Largo Talla L,,L,2000,,1,Disponible,,,,
I155,Ropa Verano,Top Verde Croche H&M Talla 38,H&M,38,2000,Si,1,Disponible,,,,
I156,Ropa Verano,Blusa Animal Print Zara Talla L,Zara,L,2000,,1,Disponible,,,,
I157,Zapatos-Zapatillas,Bototos CAT Talla 39,CAT,39,20000,,2,Disponible,,,,
I158,Zapatos-Zapatillas,Zapatillas Gazelle Adidas Rojas Talla 39.5 CL,Adidas,39.5,20000,,2,Disponible,,,,
I159,Zapatos-Zapatillas,Zapatillas Spezial Adidas Azul_Rosado Talla 39.5 CL,Adidas,39.5,15000,,2,Disponible,,,,
I160,Zapatos-Zapatillas,Sandalias Beige H&M Talla 39,H&M,39,5000,,2,Disponible,,,,
I161,Zapatos-Zapatillas,Zapatillas Running Nike Vomero 17 256km 25.5 cm,Nike,,15000,,2,Disponible,,,,
I162,Zapatos-Zapatillas,Botas Negras Altas Talla 39,,39,10000,,3,Disponible,,,,
I163,Zapatos-Zapatillas,Bototos Cuero Romano Talla 39,,39,15000,,2,Disponible,,,,
I164,Zapatos-Zapatillas,Sandalias Tipo Boston Café Zara Talla 39,Zara,39,5000,,1,Disponible,,,,
I165,Zapatos-Zapatillas,Havaianas La Sirenita Talla 39_40,,39_40,5000,,1,Disponible,,,,
I166,Zapatos-Zapatillas,Havaianas Celeste Talla 39_40,,39_40,5000,,1,Disponible,,,,
I167,Zapatos-Zapatillas,Mocasines Stradivarius Talla 40,Stradivarius,40,5000,,2,Disponible,,,,
I168,Zapatos-Zapatillas,Zapatillas Adidas Sportswear Talla 39,Adidas,39,10000,,2,Disponible,,,,
I169,Zapatos-Zapatillas,Bototos Trekking_Nieve Impermeables Columbia Talla 39,Columbia,39,15000,,2,Disponible,,,,
I170,Zapatos-Zapatillas,Sandalias Talla 39,,39,2000,,1,Disponible,,,,
I171,Zapatos-Zapatillas,Bototos Blancos Steve Madden Talla 39,,39,10000,,2,Disponible,,,,
I172,Zapatos-Zapatillas,Mocasines Sybilla Talla 39,Sybilla,39,5000,,2,Disponible,,,,
I173,Zapatos-Zapatillas,Zapatillas Running Supernova Adidas Talla 9 US,Adidas,9,10000,,2,Disponible,,,,
I174,Zapatos-Zapatillas,Ballerinas Negras Tachas Talla 40,,40,5000,,2,Disponible,,,,
I175,Zapatos-Zapatillas,Zapatos Bajos Formales Talla 40,,40,5000,,2,Disponible,,,,
I176,Zapatos-Zapatillas,Sandalias Negras Opposite Talla 39,,39,5000,,2,Disponible,,,,
I177,Zapatos-Zapatillas,Botines Chiporro Café Opposite Talla 40,,40,5000,,2,Disponible,,,,
I178,Zapatos-Zapatillas,Botines Negros Tachas Talla 39,,39,5000,,2,Disponible,,,,
I179,Zapatos-Zapatillas,Mocasines Sybilla - Talla 39,Sybilla,39,,,2,Disponible,,,,
I180,Zapatos-Zapatillas,Sandalias Cuero - Talla 39,,39,,,2,Disponible,,,,
I181,Zapatos-Zapatillas,Zapatillas Reebok - Talla 8(1).5 US,,8,,,2,Disponible,,,,
I182,Ropa Verano,Blusa Sybilla Café Talla S,Sybilla,S,2000,,1,Disponible,,,,
I183,Ropa Verano,Top Verde Zara Talla M,Zara,M,2000,,1,Disponible,,,,
I184,Ropa Verano,Falda Diseño Rosado_Beige Stradivarius Talla S,Stradivarius,S,2000,,1,Disponible,,,,
I185,Ropa Invierno,Poleron Minnie Mouse Gris Talla S,,S,2000,,1,Disponible,,,,
I186,Ropa Invierno,Cardigan Delgado Sybilla Burdeo Talla S,Sybilla,S,2000,,1,Disponible,,,,
I187,Ropa,Cardigan Rayas University Talla XS,University,XS,5000,,1,Disponible,,,,
I188,Ropa,Chaleco Blanco Tortuga Stradivarius Talla L,Stradivarius,L,5000,,1,Disponible,,,,
I189,Ropa,Short Rayas Café BR Talla 36,,36,5000,,1,Disponible,,,,
I190,Ropa,Jeans Raindoor Cargo Straight Talla 36,,36,5000,,1,Disponible,,,,
I191,Ropa,Falda Midi Café Tipo Satin Talla S,,S,5000,,1,Disponible,,,,
I192,Deporte,Peto Blanco Deportivo 1 Hombro AMOV Talla M,Amov,M,5000,,2,Disponible,,,,
I193,Deporte,Calzas Negras Adidas Talla 14_S,Adidas,14_S,5000,,2,Disponible,,,,
L1,Libros,(Mal) Educadas (Español),,,5000,,1,Disponible,,,,
L2,Libros,1984 - George Orwell (Inglés),,,5000,,1,Disponible,,,,
L3,Libros,50 Sombras de Grey (Español),,,5000,,1,Disponible,,,,
L4,Libros,A primera vista - Nicholas Sparks (Español),,,5000,,1,Disponible,,,,
L5,Libros,Alas (Español),,,5000,,1,Disponible,,,,
L6,Libros,Alicia en el país de las maravillas (Español),,,5000,,1,Disponible,,,,
L7,Libros,Antigona (Español),,,5000,,1,Disponible,,,,
L8,Libros,Apologia de Socrates (Español),,,5000,,1,Disponible,,,,
L9,Libros,Beautiful World Where Are You - Sally Rooney (Inglés),,,5000,,1,Disponible,,,,
L10,Libros,Buscando a Alaska (Español),,,5000,,1,Disponible,,,,
L11,Libros,Cada Suspiro - Nicholas Sparks (Español),,,5000,,1,Disponible,,,,
L12,Libros,Casa de Muñecas (Español),,,5000,,1,Disponible,,,,
L13,Libros,Confianza Ciega (Español),,,5000,,1,Disponible,,,,
L14,Libros,Destino (Español),,,5000,,1,Disponible,,,,
L15,Libros,El Amor en los tiempo del colera (Español),,,5000,,1,Disponible,,,,
L16,Libros,El Avaro _ El burgues gentilhombre (Español),,,5000,,1,Disponible,,,,
L17,Libros,El Beso de la Mujer Araña (Español),,,5000,,1,Disponible,,,,
L18,Libros,El Codigo Da Vinci (Español),,,5000,,1,Disponible,,,,
L19,Libros,El Duque de Wyndham (Español),,,5000,,1,Disponible,,,,
L20,Libros,El Guardian Entre El Centeno (Español),,,5000,,1,Disponible,,,,
L21,Libros,El Guardián - Nicholas Sparks (Español),,,5000,,1,Disponible,,,,
L22,Libros,El Niño con el Pijama a Rayas (Español),,,5000,,1,Disponible,,,,
L23,Libros,El Regreso - Nicholas Sparks (Español),,,5000,,1,Disponible,,,,
L24,Libros,El Rescate - Nicholas Sparks (Español),,,5000,,1,Disponible,,,,
L25,Libros,El Sendero del Amor - Nicholas Sparks (Español)},,,5000,,1,Disponible,,,,
L26,Libros,En Nombre del Amor - Nicholas Sparks (Español),,,5000,,1,Disponible,,,,
L27,Libros,Frankenstein (Español),,,5000,,1,Disponible,,,,
L28,Libros,Game Of Thrones (Inglés),,,5000,,1,Disponible,,,,
L29,Libros,Halo (Español),,,5000,,1,Disponible,,,,
L30,Libros,Hamlet (Español),,,5000,,1,Disponible,,,,
L31,Libros,Hatchet - Gary Paulsen (Inglés),,,5000,,1,Disponible,,,,
L32,Libros,Heartless - Marissa Meyer (Español),,,5000,,1,Disponible,,,,
L33,Libros,Ines del Alma Mia - Isabel Allende (Español),,,5000,,1,Disponible,,,,
L34,Libros,Invisible Women - Caroline Criado Perez (Inglés),,,5000,,1,Disponible,,,,
L35,Libros,La Boda - Nicholas Sparks (Español),,,5000,,1,Disponible,,,,
L36,Libros,La Borra del Café - Mario Benedetti (Español),,,5000,,1,Disponible,,,,
L37,Libros,La Ciudad de Las Bestias - Isabel Allende (Español),,,5000,,1,Disponible,,,,
L38,Libros,La Llave de Sarah (Español),,,5000,,1,Disponible,,,,
L39,Libros,La Odisea (Español),,,5000,,1,Disponible,,,,
L40,Libros,Las Tres Hermanas (Español),,,5000,,1,Disponible,,,,
L41,Libros,Las Ventajas de ser invisible (Español),,,5000,,1,Disponible,,,,
L42,Libros,Los Siete Maridos de Evelyn Hugo (Español),,,5000,,1,Disponible,,,,
L43,Libros,Luna Nueva (Español),,,5000,,1,Disponible,,,,
L44,Libros,Malibu Renace (Español),,,5000,,1,Disponible,,,,
L45,Libros,Memorias del Aguila y del Jaguar - Isabel Allende (Español),,,5000,,1,Disponible,,,,
L46,Libros,Mensaje en una botella - Nicholas Sparks (Español),,,5000,,1,Disponible,,,,
L47,Libros,Mr Mercedes (Español),,,5000,,1,Disponible,,,,
L48,Libros,Never Never - Colleen Hoover (Inglés),,,5000,,1,Disponible,,,,
L49,Libros,Peril At End House - Agatha Christie (Inglés),,,5000,,1,Disponible,,,,
L50,Libros,Tal como somos - Nicholas Sparks (Español),,,5000,,1,Disponible,,,,
L51,Libros,The Curious Incidente of the Dog at the night time - Mark Haddom,,,5000,,1,Disponible,,,,
L52,Libros,The Fault In Our Stars (Inglés),,,5000,,1,Disponible,,,,
L53,Libros,The Hunger Games - Suzanne Collins (Inglés),,,5000,,1,Disponible,,,,
L54,Libros,The Silence Of The Girls,,,5000,,1,Disponible,,,,
L55,Libros,The Silent Patiente (Inglés),,,5000,,1,Disponible,,,,
L56,Libros,The Summer I Turned Pretty (Inglés),,,5000,,1,Disponible,,,,
